miRNAme,miR.v22,sequence,sequence.miRBase
hsa-miR-1254,NA,NA,AGCCUGGAAGCUGGAGCCUGCAGU
hsa-miR-1273a,NA,NA,GGGCGACAAAGCAAGACUCUUUCUU
hsa-miR-1273d,NA,NA,GAACCCAUGAGGUUGAGGCUGCAGU
hsa-miR-1273e,NA,NA,UUGCUUGAACCCAGGAAGUGGA
hsa-miR-1273f,NA,NA,GGAGAUGGAGGUUGCAGUG
hsa-miR-1273g-3p,NA,NA,ACCACUGCACUCCAGCCUGAG
hsa-miR-1273g-5p,NA,NA,GGUGGUUGAGGCUGCAGUAAGU
"hsa-miR-199a-3p, hsa-miR-199b-3p",NA,NA,ACAGUAGUCUGCACAUUGGUUA
hsa-miR-3190-3p,NA,NA,UGUGGAAGGUAGACGGCCAGAGA
hsa-miR-3607-3p,NA,NA,UGUGGAAGGUAGACGGCCAGAGA
hsa-miR-3607-5p,NA,NA,GCAUGUGAUGAAGCAAAUCAGU
hsa-miR-3653-3p,NA,NA,CUAAGAAGUUGACUGAAG
hsa-miR-3653-5p,NA,NA,CCUCCUGAUGAUUCUUCUUC
hsa-miR-3656,NA,NA,GGCGGGUGCGGGGGUGG
"hsa-miR-365a-3p, hsa-miR-365b-3p",NA,NA,UAAUGCCCCUAAAAAUCCUUAU
hsa-miR-3687,NA,NA,CCCGGACAGGCGUUCGUGCGACGU
"hsa-miR-3689a-5p, hsa-miR-3689b-5p, hsa-miR-3689e",NA,NA,UGUGAUAUCAUGGUUCCUGGGA
"hsa-miR-3689b-3p, hsa-miR-3689c",NA,NA,CUGGGAGGUGUGAUAUUGUGGU
hsa-miR-4417,NA,NA,GGUGGGCUUCCCGGAGGG
hsa-miR-4419a,NA,NA,UGAGGGAGGAGACUGCA
hsa-miR-4419b,NA,NA,UGAGGGAGGAGACUGCA
hsa-miR-4459,NA,NA,CCAGGAGGCGGAGGAGGUGGAG
hsa-miR-4461,NA,NA,GAUUGAGACUAGUAGGGCUAGGC
hsa-miR-4532,NA,NA,CCCCGGGGAGCCCGGCG
hsa-miR-4792,NA,NA,CGGUGAGCGCUCGCUGGC
hsa-miR-499a-3p,NA,NA,AACAUCACAGCAAGUCUGUGCU
hsa-miR-499a-5p,NA,NA,UUAAGACUUGCAGUGAUGUUU
hsa-miR-5095,NA,NA,UUACAGGCGUGAACCACCGCG
hsa-miR-5096,NA,NA,GUUUCACCAUGUUGGUCAGGC
"hsa-miR-516b-3p, hsa-miR-516a-3p",NA,NA,UGCUUCCUUUCAGAGGGU
"hsa-miR-517a-3p, hsa-miR-517b-3p",NA,NA,AUCGUGCAUCCCUUUAGAGUGU
"hsa-miR-519c-5p, hsa-miR-523-5p, hsa-miR-518e-5p, hsa-miR-522-5p, hsa-miR-519a-5p, hsa-miR-519b-5p",NA,NA,CUCUAGAGGGAAGCGCUUUCUG
"hsa-miR-526a, hsa-miR-520c-5p, hsa-miR-518d-5p",NA,NA,CUCUAGAGGGAAGCACUUUCUG
"hsa-miR-527, hsa-miR-518a-5p",NA,NA,CUGCAAAGGGAAGCCCUUUC
"hsa-miR-548aa, hsa-miR-548t-3p",NA,NA,AAAAACCACAAUUACUUUUGCACCA
"hsa-miR-548ad-5p, hsa-miR-548ae-5p",NA,NA,AAAAGUAAUUGUGGUUUUUG
"hsa-miR-548ai, hsa-miR-570-5p",NA,NA,AAAGGUAAUUGCAGUUUUUCCC
"hsa-miR-548c-5p, hsa-miR-548o-5p, hsa-miR-548am-5p",NA,NA,AAAAGUAAUUGCGGUUUUUGCC
"hsa-miR-548g-5p, hsa-miR-548x-5p, hsa-miR-548aj-5p",NA,NA,UGCAAAAGUAAUUGCAGUUUUUG
"hsa-miR-548z, hsa-miR-548h-3p",NA,NA,CAAAAACCGCAAUUACUUUUGCA
hsa-miR-566,NA,NA,GGGCGCCUGUGAUCCCAAC
hsa-miR-6087,NA,NA,UGAGGCGGGGGGGCGAGC
hsa-miR-6723-5p,NA,NA,AUAGUCCGAGUAACGUCGGGGC
hsa-miR-7641,NA,NA,UUGAUCUCGGAAGCUAAGC
