,ID
0,hsa-let-7a-5p
1,hsa-let-7b-5p
2,hsa-let-7c-5p
3,hsa-let-7d-5p
4,hsa-let-7e-5p
5,hsa-let-7f-5p
6,hsa-miR-15a-5p
7,hsa-miR-16-5p
8,hsa-miR-17-5p
9,hsa-miR-17-3p
10,hsa-miR-18a-5p
11,hsa-miR-19a-3p
12,hsa-miR-19b-3p
13,hsa-miR-20a-5p
14,hsa-miR-21-5p
15,hsa-miR-22-3p
16,hsa-miR-23a-3p
17,hsa-miR-24-1-5p
18,hsa-miR-24-3p
19,hsa-miR-25-3p
20,hsa-miR-26a-5p
21,hsa-miR-26b-5p
22,hsa-miR-27a-3p
23,hsa-miR-28-5p
24,hsa-miR-29a-3p
25,hsa-miR-30a-5p
26,hsa-miR-30a-3p
27,hsa-miR-31-5p
28,hsa-miR-32-5p
29,hsa-miR-33a-5p
30,hsa-miR-92a-3p
31,hsa-miR-93-5p
32,hsa-miR-95-3p
33,hsa-miR-96-5p
34,hsa-miR-98-5p
35,hsa-miR-99a-5p
36,hsa-miR-100-5p
37,hsa-miR-101-3p
38,hsa-miR-29b-3p
39,hsa-miR-103a-3p
40,hsa-miR-105-5p
41,hsa-miR-106a-5p
42,hsa-miR-107
43,hsa-miR-192-5p
44,hsa-miR-196a-5p
45,hsa-miR-197-3p
46,hsa-miR-198
47,hsa-miR-199a-5p
48,hsa-miR-199a-3p
49,hsa-miR-208a-3p
50,hsa-miR-129-5p
51,hsa-miR-148a-3p
52,hsa-miR-30c-5p
53,hsa-miR-30d-5p
54,hsa-miR-139-5p
55,hsa-miR-147a
56,hsa-miR-7-5p
57,hsa-miR-10a-5p
58,hsa-miR-10b-5p
59,hsa-miR-34a-5p
60,hsa-miR-181a-5p
61,hsa-miR-181b-5p
62,hsa-miR-181c-5p
63,hsa-miR-182-5p
64,hsa-miR-182-3p
65,hsa-miR-183-5p
66,hsa-miR-187-3p
67,hsa-miR-199b-5p
68,hsa-miR-203a-3p
69,hsa-miR-204-5p
70,hsa-miR-205-5p
71,hsa-miR-210-3p
72,hsa-miR-211-5p
73,hsa-miR-212-3p
74,hsa-miR-181a-3p
75,hsa-miR-214-3p
76,hsa-miR-215-5p
77,hsa-miR-216a-5p
78,hsa-miR-217
79,hsa-miR-218-5p
80,hsa-miR-219a-5p
81,hsa-miR-221-3p
82,hsa-miR-222-3p
83,hsa-miR-223-3p
84,hsa-miR-224-5p
85,hsa-miR-200b-3p
86,hsa-let-7g-5p
87,hsa-let-7i-5p
88,hsa-miR-1-3p
89,hsa-miR-15b-5p
90,hsa-miR-23b-3p
91,hsa-miR-27b-3p
92,hsa-miR-30b-5p
93,hsa-miR-122-5p
94,hsa-miR-124-3p
95,hsa-miR-125b-5p
96,hsa-miR-128-3p
97,hsa-miR-130a-3p
98,hsa-miR-132-3p
99,hsa-miR-133a-3p
100,hsa-miR-135a-5p
101,hsa-miR-137
102,hsa-miR-138-5p
103,hsa-miR-140-5p
104,hsa-miR-141-3p
105,hsa-miR-142-5p
106,hsa-miR-142-3p
107,hsa-miR-143-3p
108,hsa-miR-144-3p
109,hsa-miR-145-5p
110,hsa-miR-152-3p
111,hsa-miR-153-3p
112,hsa-miR-191-5p
113,hsa-miR-9-5p
114,hsa-miR-9-3p
115,hsa-miR-125a-5p
116,hsa-miR-126-5p
117,hsa-miR-126-3p
118,hsa-miR-127-3p
119,hsa-miR-134-5p
120,hsa-miR-136-5p
121,hsa-miR-146a-5p
122,hsa-miR-149-5p
123,hsa-miR-150-5p
124,hsa-miR-154-5p
125,hsa-miR-154-3p
126,hsa-miR-184
127,hsa-miR-185-5p
128,hsa-miR-186-5p
129,hsa-miR-188-5p
130,hsa-miR-190a-5p
131,hsa-miR-193a-3p
132,hsa-miR-194-5p
133,hsa-miR-195-5p
134,hsa-miR-206
135,hsa-miR-320a
136,hsa-miR-200c-3p
137,hsa-miR-155-5p
138,hsa-miR-106b-5p
139,hsa-miR-29c-3p
140,hsa-miR-200a-3p
141,hsa-miR-302a-5p
142,hsa-miR-302a-3p
143,hsa-miR-34b-5p
144,hsa-miR-34c-5p
145,hsa-miR-299-3p
146,hsa-miR-301a-3p
147,hsa-miR-99b-5p
148,hsa-miR-296-5p
149,hsa-miR-130b-3p
150,hsa-miR-30e-5p
151,hsa-miR-30e-3p
152,hsa-miR-361-5p
153,hsa-miR-362-5p
154,hsa-miR-363-3p
155,hsa-miR-365a-3p
156,hsa-miR-302b-5p
157,hsa-miR-302b-3p
158,hsa-miR-302c-5p
159,hsa-miR-302c-3p
160,hsa-miR-302d-3p
161,hsa-miR-367-3p
162,hsa-miR-376c-3p
163,hsa-miR-369-3p
164,hsa-miR-370-3p
165,hsa-miR-371a-3p
166,hsa-miR-372-3p
167,hsa-miR-373-5p
168,hsa-miR-373-3p
169,hsa-miR-374a-5p
170,hsa-miR-375
171,hsa-miR-376a-3p
172,hsa-miR-377-3p
173,hsa-miR-378a-5p
174,hsa-miR-378a-3p
175,hsa-miR-379-5p
176,hsa-miR-380-5p
177,hsa-miR-380-3p
178,hsa-miR-381-3p
179,hsa-miR-382-5p
180,hsa-miR-383-5p
181,hsa-miR-340-3p
182,hsa-miR-330-3p
183,hsa-miR-328-3p
184,hsa-miR-342-3p
185,hsa-miR-337-3p
186,hsa-miR-323a-3p
187,hsa-miR-326
188,hsa-miR-151a-3p
189,hsa-miR-135b-5p
190,hsa-miR-148b-3p
191,hsa-miR-331-3p
192,hsa-miR-324-5p
193,hsa-miR-324-3p
194,hsa-miR-338-3p
195,hsa-miR-339-5p
196,hsa-miR-335-5p
197,hsa-miR-133b
198,hsa-miR-325
199,hsa-miR-345-5p
200,hsa-miR-346
201,hsa-miR-384
202,hsa-miR-196b-5p
203,hsa-miR-422a
204,hsa-miR-423-3p
205,hsa-miR-424-5p
206,hsa-miR-425-3p
207,hsa-miR-18b-5p
208,hsa-miR-20b-5p
209,hsa-miR-448
210,hsa-miR-429
211,hsa-miR-449a
212,hsa-miR-450a-5p
213,hsa-miR-191-3p
214,hsa-miR-200a-5p
215,hsa-miR-369-5p
216,hsa-miR-431-5p
217,hsa-miR-433-3p
218,hsa-miR-329-3p
219,hsa-miR-323b-5p
220,hsa-miR-452-5p
221,hsa-miR-452-3p
222,hsa-miR-409-5p
223,hsa-miR-409-3p
224,hsa-miR-412-3p
225,hsa-miR-410-3p
226,hsa-miR-376b-3p
227,hsa-miR-483-3p
228,hsa-miR-484
229,hsa-miR-485-5p
230,hsa-miR-485-3p
231,hsa-miR-486-5p
232,hsa-miR-487a-3p
233,hsa-miR-488-5p
234,hsa-miR-489-3p
235,hsa-miR-490-3p
236,hsa-miR-491-5p
237,hsa-miR-511-5p
238,hsa-miR-146b-5p
239,hsa-miR-202-5p
240,hsa-miR-202-3p
241,hsa-miR-492
242,hsa-miR-493-5p
243,hsa-miR-432-5p
244,hsa-miR-432-3p
245,hsa-miR-494-3p
246,hsa-miR-495-3p
247,hsa-miR-496
248,hsa-miR-193b-3p
249,hsa-miR-497-5p
250,hsa-miR-181d-5p
251,hsa-miR-512-5p
252,hsa-miR-512-3p
253,hsa-miR-498
254,hsa-miR-520e
255,hsa-miR-515-5p
256,hsa-miR-515-3p
257,hsa-miR-519e-5p
258,hsa-miR-519e-3p
259,hsa-miR-520f-3p
260,hsa-miR-519c-5p
261,hsa-miR-519c-3p
262,hsa-miR-520a-5p
263,hsa-miR-520a-3p
264,hsa-miR-526b-5p
265,hsa-miR-526b-3p
266,hsa-miR-519b-3p
267,hsa-miR-525-5p
268,hsa-miR-525-3p
269,hsa-miR-523-3p
270,hsa-miR-518f-5p
271,hsa-miR-518f-3p
272,hsa-miR-520b
273,hsa-miR-518b
274,hsa-miR-526a
275,hsa-miR-520c-3p
276,hsa-miR-518c-5p
277,hsa-miR-518c-3p
278,hsa-miR-524-5p
279,hsa-miR-524-3p
280,hsa-miR-517-5p
281,hsa-miR-517a-3p
282,hsa-miR-519d-3p
283,hsa-miR-521
284,hsa-miR-520d-5p
285,hsa-miR-520d-3p
286,hsa-miR-517b-3p
287,hsa-miR-520g-3p
288,hsa-miR-516b-5p
289,hsa-miR-516b-3p
290,hsa-miR-518e-3p
291,hsa-miR-527
292,hsa-miR-518a-3p
293,hsa-miR-518d-3p
294,hsa-miR-517c-3p
295,hsa-miR-520h
296,hsa-miR-522-3p
297,hsa-miR-519a-3p
298,hsa-miR-499a-5p
299,hsa-miR-500a-3p
300,hsa-miR-501-5p
301,hsa-miR-502-5p
302,hsa-miR-503-5p
303,hsa-miR-504-5p
304,hsa-miR-505-3p
305,hsa-miR-513a-5p
306,hsa-miR-506-3p
307,hsa-miR-507
308,hsa-miR-508-3p
309,hsa-miR-509-3p
310,hsa-miR-510-5p
311,hsa-miR-514a-3p
312,hsa-miR-532-5p
313,hsa-miR-299-5p
314,hsa-miR-18a-3p
315,hsa-miR-455-5p
316,hsa-miR-493-3p
317,hsa-miR-539-5p
318,hsa-miR-544a
319,hsa-miR-545-3p
320,hsa-miR-487b-3p
321,hsa-miR-551a
322,hsa-miR-552-3p
323,hsa-miR-553
324,hsa-miR-554
325,hsa-miR-92b-3p
326,hsa-miR-555
327,hsa-miR-556-5p
328,hsa-miR-557
329,hsa-miR-558
330,hsa-miR-559
331,hsa-miR-561-3p
332,hsa-miR-562
333,hsa-miR-563
334,hsa-miR-564
335,hsa-miR-566
336,hsa-miR-567
337,hsa-miR-568
338,hsa-miR-551b-3p
339,hsa-miR-569
340,hsa-miR-570-3p
341,hsa-miR-571
342,hsa-miR-572
343,hsa-miR-573
344,hsa-miR-574-3p
345,hsa-miR-575
346,hsa-miR-576-5p
347,hsa-miR-577
348,hsa-miR-578
349,hsa-miR-579-3p
350,hsa-miR-580-3p
351,hsa-miR-581
352,hsa-miR-582-5p
353,hsa-miR-583
354,hsa-miR-584-5p
355,hsa-miR-585-3p
356,hsa-miR-548a-3p
357,hsa-miR-586
358,hsa-miR-587
359,hsa-miR-548b-3p
360,hsa-miR-588
361,hsa-miR-589-3p
362,hsa-miR-550a-3p
363,hsa-miR-590-5p
364,hsa-miR-591
365,hsa-miR-592
366,hsa-miR-593-5p
367,hsa-miR-595
368,hsa-miR-596
369,hsa-miR-597-5p
370,hsa-miR-598-3p
371,hsa-miR-599
372,hsa-miR-600
373,hsa-miR-601
374,hsa-miR-602
375,hsa-miR-603
376,hsa-miR-604
377,hsa-miR-605-5p
378,hsa-miR-606
379,hsa-miR-607
380,hsa-miR-608
381,hsa-miR-609
382,hsa-miR-610
383,hsa-miR-611
384,hsa-miR-612
385,hsa-miR-613
386,hsa-miR-614
387,hsa-miR-615-3p
388,hsa-miR-616-5p
389,hsa-miR-548c-3p
390,hsa-miR-617
391,hsa-miR-618
392,hsa-miR-619-3p
393,hsa-miR-620
394,hsa-miR-621
395,hsa-miR-622
396,hsa-miR-623
397,hsa-miR-624-5p
398,hsa-miR-625-5p
399,hsa-miR-626
400,hsa-miR-627-5p
401,hsa-miR-628-3p
402,hsa-miR-629-3p
403,hsa-miR-630
404,hsa-miR-631
405,hsa-miR-33b-5p
406,hsa-miR-632
407,hsa-miR-633
408,hsa-miR-634
409,hsa-miR-635
410,hsa-miR-636
411,hsa-miR-637
412,hsa-miR-638
413,hsa-miR-639
414,hsa-miR-640
415,hsa-miR-641
416,hsa-miR-642a-5p
417,hsa-miR-643
418,hsa-miR-644a
419,hsa-miR-645
420,hsa-miR-646
421,hsa-miR-647
422,hsa-miR-648
423,hsa-miR-649
424,hsa-miR-650
425,hsa-miR-651-5p
426,hsa-miR-652-3p
427,hsa-miR-548d-3p
428,hsa-miR-661
429,hsa-miR-662
430,hsa-miR-663a
431,hsa-miR-449b-5p
432,hsa-miR-653-5p
433,hsa-miR-411-5p
434,hsa-miR-654-5p
435,hsa-miR-655-3p
436,hsa-miR-656-3p
437,hsa-miR-549a
438,hsa-miR-657
439,hsa-miR-658
440,hsa-miR-659-3p
441,hsa-miR-660-5p
442,hsa-miR-421
443,hsa-miR-542-5p
444,hsa-miR-363-5p
445,hsa-miR-376a-5p
446,hsa-miR-542-3p
447,hsa-miR-425-5p
448,hsa-miR-758-3p
449,hsa-miR-671-5p
450,hsa-miR-668-3p
451,hsa-miR-767-5p
452,hsa-miR-767-3p
453,hsa-miR-454-5p
454,hsa-miR-454-3p
455,hsa-miR-769-5p
456,hsa-miR-769-3p
457,hsa-miR-766-3p
458,hsa-miR-765
459,hsa-miR-770-5p
460,hsa-miR-802
461,hsa-miR-675-5p
462,hsa-miR-297
463,hsa-let-7a-3p
464,hsa-let-7b-3p
465,hsa-let-7d-3p
466,hsa-let-7e-3p
467,hsa-let-7f-1-3p
468,hsa-let-7f-2-3p
469,hsa-miR-15a-3p
470,hsa-miR-16-1-3p
471,hsa-miR-19a-5p
472,hsa-miR-19b-1-5p
473,hsa-miR-19b-2-5p
474,hsa-miR-20a-3p
475,hsa-miR-21-3p
476,hsa-miR-22-5p
477,hsa-miR-23a-5p
478,hsa-miR-24-2-5p
479,hsa-miR-25-5p
480,hsa-miR-26a-1-3p
481,hsa-miR-26b-3p
482,hsa-miR-27a-5p
483,hsa-miR-28-3p
484,hsa-miR-29a-5p
485,hsa-miR-31-3p
486,hsa-miR-32-3p
487,hsa-miR-33a-3p
488,hsa-miR-92a-1-5p
489,hsa-miR-92a-2-5p
490,hsa-miR-93-3p
491,hsa-miR-96-3p
492,hsa-miR-99a-3p
493,hsa-miR-100-3p
494,hsa-miR-101-5p
495,hsa-miR-29b-1-5p
496,hsa-miR-29b-2-5p
497,hsa-miR-105-3p
498,hsa-miR-106a-3p
499,hsa-miR-16-2-3p
500,hsa-miR-192-3p
501,hsa-miR-129-1-3p
502,hsa-miR-148a-5p
503,hsa-miR-30c-2-3p
504,hsa-miR-30d-3p
505,hsa-miR-139-3p
506,hsa-miR-7-1-3p
507,hsa-miR-7-2-3p
508,hsa-miR-10a-3p
509,hsa-miR-10b-3p
510,hsa-miR-34a-3p
511,hsa-miR-181a-2-3p
512,hsa-miR-181c-3p
513,hsa-miR-183-3p
514,hsa-miR-187-5p
515,hsa-miR-196a-3p
516,hsa-miR-199b-3p
517,hsa-miR-214-5p
518,hsa-miR-218-1-3p
519,hsa-miR-218-2-3p
520,hsa-miR-219a-1-3p
521,hsa-miR-221-5p
522,hsa-miR-222-5p
523,hsa-miR-223-5p
524,hsa-miR-200b-5p
525,hsa-let-7g-3p
526,hsa-let-7i-3p
527,hsa-miR-15b-3p
528,hsa-miR-23b-5p
529,hsa-miR-27b-5p
530,hsa-miR-30b-3p
531,hsa-miR-122-3p
532,hsa-miR-124-5p
533,hsa-miR-125b-1-3p
534,hsa-miR-130a-5p
535,hsa-miR-132-5p
536,hsa-miR-135a-3p
537,hsa-miR-138-2-3p
538,hsa-miR-140-3p
539,hsa-miR-141-5p
540,hsa-miR-143-5p
541,hsa-miR-144-5p
542,hsa-miR-145-3p
543,hsa-miR-125a-3p
544,hsa-miR-125b-2-3p
545,hsa-miR-127-5p
546,hsa-miR-129-2-3p
547,hsa-miR-136-3p
548,hsa-miR-138-1-3p
549,hsa-miR-146a-3p
550,hsa-miR-149-3p
551,hsa-miR-150-3p
552,hsa-miR-185-3p
553,hsa-miR-186-3p
554,hsa-miR-188-3p
555,hsa-miR-193a-5p
556,hsa-miR-195-3p
557,hsa-miR-200c-5p
558,hsa-miR-155-3p
559,hsa-miR-194-3p
560,hsa-miR-106b-3p
561,hsa-miR-29c-5p
562,hsa-miR-30c-1-3p
563,hsa-miR-219a-2-3p
564,hsa-miR-34b-3p
565,hsa-miR-34c-3p
566,hsa-miR-99b-3p
567,hsa-miR-296-3p
568,hsa-miR-130b-5p
569,hsa-miR-26a-2-3p
570,hsa-miR-361-3p
571,hsa-miR-362-3p
572,hsa-miR-302d-5p
573,hsa-miR-367-5p
574,hsa-miR-371a-5p
575,hsa-miR-374a-3p
576,hsa-miR-377-5p
577,hsa-miR-379-3p
578,hsa-miR-340-5p
579,hsa-miR-330-5p
580,hsa-miR-342-5p
581,hsa-miR-337-5p
582,hsa-miR-323a-5p
583,hsa-miR-151a-5p
584,hsa-miR-135b-3p
585,hsa-miR-148b-5p
586,hsa-miR-331-5p
587,hsa-miR-338-5p
588,hsa-miR-339-3p
589,hsa-miR-335-3p
590,hsa-miR-423-5p
591,hsa-miR-424-3p
592,hsa-miR-18b-3p
593,hsa-miR-20b-3p
594,hsa-miR-431-3p
595,hsa-miR-483-5p
596,hsa-miR-486-3p
597,hsa-miR-488-3p
598,hsa-miR-490-5p
599,hsa-miR-491-3p
600,hsa-miR-146b-3p
601,hsa-miR-193b-5p
602,hsa-miR-497-3p
603,hsa-miR-516a-5p
604,hsa-miR-499a-3p
605,hsa-miR-500a-5p
606,hsa-miR-501-3p
607,hsa-miR-502-3p
608,hsa-miR-505-5p
609,hsa-miR-513a-3p
610,hsa-miR-508-5p
611,hsa-miR-509-5p
612,hsa-miR-532-3p
613,hsa-miR-455-3p
614,hsa-miR-545-5p
615,hsa-miR-92b-5p
616,hsa-miR-556-3p
617,hsa-miR-551b-5p
618,hsa-miR-574-5p
619,hsa-miR-576-3p
620,hsa-miR-582-3p
621,hsa-miR-548b-5p
622,hsa-miR-589-5p
623,hsa-miR-550a-5p
624,hsa-miR-590-3p
625,hsa-miR-593-3p
626,hsa-miR-548a-5p
627,hsa-miR-615-5p
628,hsa-miR-616-3p
629,hsa-miR-548c-5p
630,hsa-miR-624-3p
631,hsa-miR-625-3p
632,hsa-miR-628-5p
633,hsa-miR-629-5p
634,hsa-miR-33b-3p
635,hsa-miR-548d-5p
636,hsa-miR-411-3p
637,hsa-miR-654-3p
638,hsa-miR-671-3p
639,hsa-miR-298
640,hsa-miR-891a-5p
641,hsa-miR-300
642,hsa-miR-892a
643,hsa-miR-450b-5p
644,hsa-miR-450b-3p
645,hsa-miR-874-3p
646,hsa-miR-890
647,hsa-miR-891b
648,hsa-miR-888-5p
649,hsa-miR-888-3p
650,hsa-miR-892b
651,hsa-miR-541-5p
652,hsa-miR-541-3p
653,hsa-miR-889-3p
654,hsa-miR-875-5p
655,hsa-miR-875-3p
656,hsa-miR-876-5p
657,hsa-miR-876-3p
658,hsa-miR-708-5p
659,hsa-miR-708-3p
660,hsa-miR-147b
661,hsa-miR-190b
662,hsa-miR-744-5p
663,hsa-miR-744-3p
664,hsa-miR-885-5p
665,hsa-miR-885-3p
666,hsa-miR-877-5p
667,hsa-miR-877-3p
668,hsa-miR-887-3p
669,hsa-miR-665
670,hsa-miR-873-5p
671,hsa-miR-543
672,hsa-miR-374b-5p
673,hsa-miR-374b-3p
674,hsa-miR-760
675,hsa-miR-301b-3p
676,hsa-miR-216b-5p
677,hsa-miR-208b-3p
678,hsa-miR-920
679,hsa-miR-921
680,hsa-miR-922
681,hsa-miR-924
682,hsa-miR-509-3-5p
683,hsa-miR-933
684,hsa-miR-934
685,hsa-miR-935
686,hsa-miR-936
687,hsa-miR-937-3p
688,hsa-miR-938
689,hsa-miR-939-5p
690,hsa-miR-940
691,hsa-miR-941
692,hsa-miR-942-5p
693,hsa-miR-943
694,hsa-miR-944
695,hsa-miR-523-5p
696,hsa-miR-518e-5p
697,hsa-miR-522-5p
698,hsa-miR-519a-5p
699,hsa-miR-519b-5p
700,hsa-miR-520c-5p
701,hsa-miR-518d-5p
702,hsa-miR-518a-5p
703,hsa-miR-1224-5p
704,hsa-miR-1224-3p
705,hsa-miR-1225-5p
706,hsa-miR-1225-3p
707,hsa-miR-1226-5p
708,hsa-miR-1226-3p
709,hsa-miR-1227-3p
710,hsa-miR-1228-5p
711,hsa-miR-1228-3p
712,hsa-miR-1229-3p
713,hsa-miR-1231
714,hsa-miR-1233-3p
715,hsa-miR-1234-3p
716,hsa-miR-1236-3p
717,hsa-miR-1237-3p
718,hsa-miR-1238-3p
719,hsa-miR-513b-5p
720,hsa-miR-513c-5p
721,hsa-miR-1264
722,hsa-miR-320b
723,hsa-miR-320c
724,hsa-miR-1296-5p
725,hsa-miR-1323
726,hsa-miR-1271-5p
727,hsa-miR-1301-3p
728,hsa-miR-1185-5p
729,hsa-miR-1283
730,hsa-miR-1298-5p
731,hsa-miR-1178-3p
732,hsa-miR-1179
733,hsa-miR-1180-3p
734,hsa-miR-1181
735,hsa-miR-1182
736,hsa-miR-1183
737,hsa-miR-1184
738,hsa-miR-1200
739,hsa-miR-1202
740,hsa-miR-1203
741,hsa-miR-663b
742,hsa-miR-1204
743,hsa-miR-1205
744,hsa-miR-1206
745,hsa-miR-1207-5p
746,hsa-miR-1207-3p
747,hsa-miR-1208
748,hsa-miR-548e-3p
749,hsa-miR-548j-5p
750,hsa-miR-1285-3p
751,hsa-miR-1286
752,hsa-miR-1287-5p
753,hsa-miR-1289
754,hsa-miR-1291
755,hsa-miR-548k
756,hsa-miR-1293
757,hsa-miR-1294
758,hsa-miR-1295a
759,hsa-miR-1297
760,hsa-miR-1299
761,hsa-miR-548l
762,hsa-miR-1302
763,hsa-miR-1303
764,hsa-miR-1304-5p
765,hsa-miR-1305
766,hsa-miR-1243
767,hsa-miR-548f-3p
768,hsa-miR-1244
769,hsa-miR-1245a
770,hsa-miR-1246
771,hsa-miR-1247-5p
772,hsa-miR-1248
773,hsa-miR-1249-3p
774,hsa-miR-1250-5p
775,hsa-miR-1251-5p
776,hsa-miR-1253
777,hsa-miR-1254
778,hsa-miR-1255a
779,hsa-miR-1256
780,hsa-miR-1257
781,hsa-miR-1258
782,hsa-miR-1260a
783,hsa-miR-548g-3p
784,hsa-miR-1261
785,hsa-miR-1262
786,hsa-miR-1263
787,hsa-miR-548n
788,hsa-miR-548m
789,hsa-miR-1265
790,hsa-miR-548o-3p
791,hsa-miR-1266-5p
792,hsa-miR-1267
793,hsa-miR-1268a
794,hsa-miR-1269a
795,hsa-miR-1270
796,hsa-miR-1272
797,hsa-miR-1273a
798,hsa-miR-548h-5p
799,hsa-miR-1275
800,hsa-miR-1276
801,hsa-miR-302e
802,hsa-miR-302f
803,hsa-miR-1277-3p
804,hsa-miR-548p
805,hsa-miR-548i
806,hsa-miR-1278
807,hsa-miR-1279
808,hsa-miR-1281
809,hsa-miR-1282
810,hsa-miR-1284
811,hsa-miR-1288-3p
812,hsa-miR-1292-5p
813,hsa-miR-1252-5p
814,hsa-miR-1255b-5p
815,hsa-miR-664a-5p
816,hsa-miR-664a-3p
817,hsa-miR-1306-3p
818,hsa-miR-1307-3p
819,hsa-miR-1321
820,hsa-miR-1322
821,hsa-miR-1197
822,hsa-miR-1324
823,hsa-miR-320d
824,hsa-miR-1825
825,hsa-miR-1827
826,hsa-miR-516a-3p
827,hsa-miR-1468-5p
828,hsa-miR-675-3p
829,hsa-miR-1469
830,hsa-miR-1470
831,hsa-miR-1471
832,hsa-miR-1537-3p
833,hsa-miR-1538
834,hsa-miR-1539
835,hsa-miR-103b
836,hsa-miR-1908-5p
837,hsa-miR-1909-5p
838,hsa-miR-1909-3p
839,hsa-miR-1910-5p
840,hsa-miR-1911-5p
841,hsa-miR-1911-3p
842,hsa-miR-1912
843,hsa-miR-1913
844,hsa-miR-1914-5p
845,hsa-miR-1914-3p
846,hsa-miR-1915-5p
847,hsa-miR-1915-3p
848,hsa-miR-103a-2-5p
849,hsa-miR-205-3p
850,hsa-miR-224-3p
851,hsa-miR-365a-5p
852,hsa-miR-196b-3p
853,hsa-miR-449b-3p
854,hsa-miR-2113
855,hsa-miR-1972
856,hsa-miR-1973
857,hsa-miR-1976
858,hsa-miR-2052
859,hsa-miR-2053
860,hsa-miR-2054
861,hsa-miR-2110
862,hsa-let-7a-2-3p
863,hsa-miR-151b
864,hsa-miR-449c-5p
865,hsa-miR-762
866,hsa-miR-670-5p
867,hsa-miR-761
868,hsa-miR-764
869,hsa-miR-759
870,hsa-miR-2114-5p
871,hsa-miR-2114-3p
872,hsa-miR-2115-5p
873,hsa-miR-2115-3p
874,hsa-miR-2116-5p
875,hsa-miR-2116-3p
876,hsa-miR-2117
877,hsa-miR-548q
878,hsa-miR-2276-3p
879,hsa-miR-2277-3p
880,hsa-miR-2278
881,hsa-miR-711
882,hsa-miR-718
883,hsa-miR-2681-5p
884,hsa-miR-2681-3p
885,hsa-miR-2682-5p
886,hsa-miR-2682-3p
887,hsa-miR-449c-3p
888,hsa-miR-2861
889,hsa-miR-2909
890,hsa-miR-3115
891,hsa-miR-3116
892,hsa-miR-3117-3p
893,hsa-miR-3118
894,hsa-miR-3119
895,hsa-miR-3120-3p
896,hsa-miR-3121-3p
897,hsa-miR-3122
898,hsa-miR-3123
899,hsa-miR-3124-5p
900,hsa-miR-548s
901,hsa-miR-3125
902,hsa-miR-3126-5p
903,hsa-miR-3127-5p
904,hsa-miR-3128
905,hsa-miR-3129-5p
906,hsa-miR-3130-3p
907,hsa-miR-3130-5p
908,hsa-miR-3131
909,hsa-miR-3132
910,hsa-miR-3133
911,hsa-miR-378b
912,hsa-miR-3134
913,hsa-miR-3135a
914,hsa-miR-466
915,hsa-miR-3136-5p
916,hsa-miR-544b
917,hsa-miR-3137
918,hsa-miR-3138
919,hsa-miR-3139
920,hsa-miR-3140-3p
921,hsa-miR-548t-5p
922,hsa-miR-3141
923,hsa-miR-3142
924,hsa-miR-3143
925,hsa-miR-548u
926,hsa-miR-3144-5p
927,hsa-miR-3144-3p
928,hsa-miR-3145-3p
929,hsa-miR-1273c
930,hsa-miR-3146
931,hsa-miR-3147
932,hsa-miR-548v
933,hsa-miR-3148
934,hsa-miR-3149
935,hsa-miR-3150a-3p
936,hsa-miR-3151-5p
937,hsa-miR-3152-3p
938,hsa-miR-3153
939,hsa-miR-3074-3p
940,hsa-miR-3154
941,hsa-miR-3155a
942,hsa-miR-3156-5p
943,hsa-miR-3157-5p
944,hsa-miR-3158-3p
945,hsa-miR-3159
946,hsa-miR-3160-3p
947,hsa-miR-3161
948,hsa-miR-3162-5p
949,hsa-miR-3163
950,hsa-miR-3164
951,hsa-miR-3165
952,hsa-miR-3166
953,hsa-miR-1260b
954,hsa-miR-3167
955,hsa-miR-3168
956,hsa-miR-3169
957,hsa-miR-3170
958,hsa-miR-3171
959,hsa-miR-3173-3p
960,hsa-miR-1193
961,hsa-miR-323b-3p
962,hsa-miR-3174
963,hsa-miR-3175
964,hsa-miR-3176
965,hsa-miR-3177-3p
966,hsa-miR-3178
967,hsa-miR-3179
968,hsa-miR-3180-5p
969,hsa-miR-3180-3p
970,hsa-miR-548w
971,hsa-miR-3181
972,hsa-miR-3182
973,hsa-miR-3183
974,hsa-miR-3184-5p
975,hsa-miR-3185
976,hsa-miR-3065-5p
977,hsa-miR-3186-5p
978,hsa-miR-3186-3p
979,hsa-miR-3187-3p
980,hsa-miR-3188
981,hsa-miR-3189-3p
982,hsa-miR-320e
983,hsa-miR-3190-5p
984,hsa-miR-3191-3p
985,hsa-miR-3192-5p
986,hsa-miR-3193
987,hsa-miR-3194-5p
988,hsa-miR-3195
989,hsa-miR-3196
990,hsa-miR-548x-3p
991,hsa-miR-3197
992,hsa-miR-3198
993,hsa-miR-3199
994,hsa-miR-3200-3p
995,hsa-miR-3201
996,hsa-miR-514b-5p
997,hsa-miR-514b-3p
998,hsa-miR-3202
999,hsa-miR-1273d
1000,hsa-miR-3126-3p
1001,hsa-miR-3065-3p
1002,hsa-miR-4295
1003,hsa-miR-4296
1004,hsa-miR-4297
1005,hsa-miR-378c
1006,hsa-miR-4293
1007,hsa-miR-4294
1008,hsa-miR-4301
1009,hsa-miR-4299
1010,hsa-miR-4298
1011,hsa-miR-4300
1012,hsa-miR-4304
1013,hsa-miR-4302
1014,hsa-miR-4303
1015,hsa-miR-4305
1016,hsa-miR-4306
1017,hsa-miR-4309
1018,hsa-miR-4307
1019,hsa-miR-4308
1020,hsa-miR-4310
1021,hsa-miR-4311
1022,hsa-miR-4312
1023,hsa-miR-4313
1024,hsa-miR-4315
1025,hsa-miR-4316
1026,hsa-miR-4314
1027,hsa-miR-4318
1028,hsa-miR-4319
1029,hsa-miR-4320
1030,hsa-miR-4317
1031,hsa-miR-4322
1032,hsa-miR-4321
1033,hsa-miR-4323
1034,hsa-miR-4324
1035,hsa-miR-4256
1036,hsa-miR-4257
1037,hsa-miR-4258
1038,hsa-miR-4259
1039,hsa-miR-4260
1040,hsa-miR-4253
1041,hsa-miR-4251
1042,hsa-miR-4254
1043,hsa-miR-4255
1044,hsa-miR-4252
1045,hsa-miR-4325
1046,hsa-miR-4326
1047,hsa-miR-4327
1048,hsa-miR-4261
1049,hsa-miR-4265
1050,hsa-miR-4266
1051,hsa-miR-4267
1052,hsa-miR-4262
1053,hsa-miR-2355-5p
1054,hsa-miR-4268
1055,hsa-miR-4269
1056,hsa-miR-4263
1057,hsa-miR-4264
1058,hsa-miR-4270
1059,hsa-miR-4271
1060,hsa-miR-4272
1061,hsa-miR-4273
1062,hsa-miR-4276
1063,hsa-miR-4275
1064,hsa-miR-4274
1065,hsa-miR-4281
1066,hsa-miR-4277
1067,hsa-miR-4279
1068,hsa-miR-4278
1069,hsa-miR-4280
1070,hsa-miR-4282
1071,hsa-miR-4285
1072,hsa-miR-4283
1073,hsa-miR-4284
1074,hsa-miR-4286
1075,hsa-miR-4287
1076,hsa-miR-4288
1077,hsa-miR-4292
1078,hsa-miR-4289
1079,hsa-miR-4290
1080,hsa-miR-4291
1081,hsa-miR-4329
1082,hsa-miR-4330
1083,hsa-miR-500b-5p
1084,hsa-miR-4328
1085,hsa-miR-2277-5p
1086,hsa-miR-3200-5p
1087,hsa-miR-2355-3p
1088,hsa-miR-3605-5p
1089,hsa-miR-3605-3p
1090,hsa-miR-3606-5p
1091,hsa-miR-3607-5p
1092,hsa-miR-3607-3p
1093,hsa-miR-3609
1094,hsa-miR-3610
1095,hsa-miR-3611
1096,hsa-miR-3612
1097,hsa-miR-3613-5p
1098,hsa-miR-3613-3p
1099,hsa-miR-3614-5p
1100,hsa-miR-3614-3p
1101,hsa-miR-3615
1102,hsa-miR-3616-5p
1103,hsa-miR-3616-3p
1104,hsa-miR-3617-5p
1105,hsa-miR-3618
1106,hsa-miR-3619-5p
1107,hsa-miR-23c
1108,hsa-miR-3620-3p
1109,hsa-miR-3621
1110,hsa-miR-3622a-5p
1111,hsa-miR-3622a-3p
1112,hsa-miR-3622b-5p
1113,hsa-miR-3622b-3p
1114,hsa-miR-3646
1115,hsa-miR-3648
1116,hsa-miR-3649
1117,hsa-miR-3650
1118,hsa-miR-3651
1119,hsa-miR-3652
1120,hsa-miR-3653-3p
1121,hsa-miR-3654
1122,hsa-miR-3655
1123,hsa-miR-3656
1124,hsa-miR-3657
1125,hsa-miR-3658
1126,hsa-miR-1273e
1127,hsa-miR-3659
1128,hsa-miR-3660
1129,hsa-miR-3661
1130,hsa-miR-3662
1131,hsa-miR-3663-5p
1132,hsa-miR-3663-3p
1133,hsa-miR-3664-5p
1134,hsa-miR-3665
1135,hsa-miR-3666
1136,hsa-miR-3667-5p
1137,hsa-miR-3667-3p
1138,hsa-miR-3668
1139,hsa-miR-3670
1140,hsa-miR-3671
1141,hsa-miR-3672
1142,hsa-miR-3674
1143,hsa-miR-3675-5p
1144,hsa-miR-3675-3p
1145,hsa-miR-3677-3p
1146,hsa-miR-3678-5p
1147,hsa-miR-3678-3p
1148,hsa-miR-3679-5p
1149,hsa-miR-3679-3p
1150,hsa-miR-3680-5p
1151,hsa-miR-3680-3p
1152,hsa-miR-3681-5p
1153,hsa-miR-3681-3p
1154,hsa-miR-3682-3p
1155,hsa-miR-3683
1156,hsa-miR-3684
1157,hsa-miR-3685
1158,hsa-miR-3686
1159,hsa-miR-3687
1160,hsa-miR-3688-3p
1161,hsa-miR-3689a-5p
1162,hsa-miR-3689a-3p
1163,hsa-miR-3690
1164,hsa-miR-3691-5p
1165,hsa-miR-3692-5p
1166,hsa-miR-3692-3p
1167,hsa-miR-3713
1168,hsa-miR-3714
1169,hsa-miR-3180
1170,hsa-miR-3907
1171,hsa-miR-3689b-5p
1172,hsa-miR-3689b-3p
1173,hsa-miR-3908
1174,hsa-miR-3909
1175,hsa-miR-3910
1176,hsa-miR-3911
1177,hsa-miR-3912-3p
1178,hsa-miR-3913-5p
1179,hsa-miR-3914
1180,hsa-miR-3915
1181,hsa-miR-3916
1182,hsa-miR-3917
1183,hsa-miR-3918
1184,hsa-miR-3919
1185,hsa-miR-3150b-3p
1186,hsa-miR-3920
1187,hsa-miR-3921
1188,hsa-miR-3922-3p
1189,hsa-miR-3923
1190,hsa-miR-3924
1191,hsa-miR-3925-5p
1192,hsa-miR-3926
1193,hsa-miR-3927-3p
1194,hsa-miR-676-5p
1195,hsa-miR-676-3p
1196,hsa-miR-3928-3p
1197,hsa-miR-3929
1198,hsa-miR-3934-5p
1199,hsa-miR-3935
1200,hsa-miR-3936
1201,hsa-miR-3937
1202,hsa-miR-3938
1203,hsa-miR-548y
1204,hsa-miR-3939
1205,hsa-miR-3940-3p
1206,hsa-miR-3941
1207,hsa-miR-3942-5p
1208,hsa-miR-3943
1209,hsa-miR-3944-3p
1210,hsa-miR-3945
1211,hsa-miR-374c-5p
1212,hsa-miR-642b-3p
1213,hsa-miR-550b-3p
1214,hsa-miR-548z
1215,hsa-miR-548aa
1216,hsa-miR-1268b
1217,hsa-miR-378d
1218,hsa-miR-378e
1219,hsa-miR-548ab
1220,hsa-miR-4417
1221,hsa-miR-4418
1222,hsa-miR-4419a
1223,hsa-miR-378f
1224,hsa-miR-4420
1225,hsa-miR-4421
1226,hsa-miR-4422
1227,hsa-miR-4423-3p
1228,hsa-miR-378g
1229,hsa-miR-548ac
1230,hsa-miR-4424
1231,hsa-miR-4425
1232,hsa-miR-4426
1233,hsa-miR-4427
1234,hsa-miR-4428
1235,hsa-miR-4429
1236,hsa-miR-4430
1237,hsa-miR-548ad-3p
1238,hsa-miR-4431
1239,hsa-miR-4432
1240,hsa-miR-4433a-3p
1241,hsa-miR-4434
1242,hsa-miR-4435
1243,hsa-miR-4436a
1244,hsa-miR-4437
1245,hsa-miR-548ae-3p
1246,hsa-miR-4438
1247,hsa-miR-4439
1248,hsa-miR-4440
1249,hsa-miR-4441
1250,hsa-miR-4442
1251,hsa-miR-4443
1252,hsa-miR-4444
1253,hsa-miR-4445-5p
1254,hsa-miR-4445-3p
1255,hsa-miR-4446-3p
1256,hsa-miR-4447
1257,hsa-miR-4448
1258,hsa-miR-4449
1259,hsa-miR-548ag
1260,hsa-miR-4450
1261,hsa-miR-548ah-5p
1262,hsa-miR-4451
1263,hsa-miR-4452
1264,hsa-miR-4453
1265,hsa-miR-4454
1266,hsa-miR-4455
1267,hsa-miR-4456
1268,hsa-miR-4457
1269,hsa-miR-4458
1270,hsa-miR-4459
1271,hsa-miR-4460
1272,hsa-miR-4461
1273,hsa-miR-378h
1274,hsa-miR-3135b
1275,hsa-miR-4462
1276,hsa-miR-4463
1277,hsa-miR-4464
1278,hsa-miR-548ai
1279,hsa-miR-548aj-3p
1280,hsa-miR-4465
1281,hsa-miR-4466
1282,hsa-miR-4467
1283,hsa-miR-4468
1284,hsa-miR-4469
1285,hsa-miR-4470
1286,hsa-miR-4471
1287,hsa-miR-4472
1288,hsa-miR-4473
1289,hsa-miR-4474-3p
1290,hsa-miR-4475
1291,hsa-miR-4476
1292,hsa-miR-4477a
1293,hsa-miR-4477b
1294,hsa-miR-4478
1295,hsa-miR-3689c
1296,hsa-miR-3689d
1297,hsa-miR-3689e
1298,hsa-miR-3689f
1299,hsa-miR-4479
1300,hsa-miR-3155b
1301,hsa-miR-548ak
1302,hsa-miR-4480
1303,hsa-miR-4481
1304,hsa-miR-4482-5p
1305,hsa-miR-4483
1306,hsa-miR-4484
1307,hsa-miR-4485-3p
1308,hsa-miR-4486
1309,hsa-miR-4487
1310,hsa-miR-4488
1311,hsa-miR-4489
1312,hsa-miR-548al
1313,hsa-miR-4490
1314,hsa-miR-4491
1315,hsa-miR-4492
1316,hsa-miR-4493
1317,hsa-miR-4494
1318,hsa-miR-4495
1319,hsa-miR-4496
1320,hsa-miR-4497
1321,hsa-miR-4498
1322,hsa-miR-4419b
1323,hsa-miR-4499
1324,hsa-miR-4500
1325,hsa-miR-4501
1326,hsa-miR-4502
1327,hsa-miR-4503
1328,hsa-miR-4504
1329,hsa-miR-4505
1330,hsa-miR-4506
1331,hsa-miR-2392
1332,hsa-miR-4507
1333,hsa-miR-4508
1334,hsa-miR-4509
1335,hsa-miR-4510
1336,hsa-miR-4511
1337,hsa-miR-4512
1338,hsa-miR-4513
1339,hsa-miR-4514
1340,hsa-miR-4515
1341,hsa-miR-4516
1342,hsa-miR-4517
1343,hsa-miR-4518
1344,hsa-miR-4519
1345,hsa-miR-4520-3p
1346,hsa-miR-4521
1347,hsa-miR-1269b
1348,hsa-miR-4522
1349,hsa-miR-4523
1350,hsa-miR-4524a-5p
1351,hsa-miR-4524a-3p
1352,hsa-miR-4525
1353,hsa-miR-4526
1354,hsa-miR-4527
1355,hsa-miR-4528
1356,hsa-miR-4529-3p
1357,hsa-miR-4530
1358,hsa-miR-4531
1359,hsa-miR-4532
1360,hsa-miR-4533
1361,hsa-miR-4534
1362,hsa-miR-378i
1363,hsa-miR-4535
1364,hsa-miR-548am-3p
1365,hsa-miR-1587
1366,hsa-miR-4536-5p
1367,hsa-miR-548an
1368,hsa-miR-4537
1369,hsa-miR-4538
1370,hsa-miR-4539
1371,hsa-miR-4540
1372,hsa-miR-3117-5p
1373,hsa-miR-3120-5p
1374,hsa-miR-3121-5p
1375,hsa-miR-3124-3p
1376,hsa-miR-3127-3p
1377,hsa-miR-3129-3p
1378,hsa-miR-3136-3p
1379,hsa-miR-3140-5p
1380,hsa-miR-3145-5p
1381,hsa-miR-3150a-5p
1382,hsa-miR-3152-5p
1383,hsa-miR-3074-5p
1384,hsa-miR-3156-3p
1385,hsa-miR-3157-3p
1386,hsa-miR-3158-5p
1387,hsa-miR-3160-5p
1388,hsa-miR-3162-3p
1389,hsa-miR-3173-5p
1390,hsa-miR-3177-5p
1391,hsa-miR-3187-5p
1392,hsa-miR-3189-5p
1393,hsa-miR-3194-3p
1394,hsa-miR-3619-3p
1395,hsa-miR-3664-3p
1396,hsa-miR-3677-5p
1397,hsa-miR-3682-5p
1398,hsa-miR-3688-5p
1399,hsa-miR-3691-3p
1400,hsa-miR-3913-3p
1401,hsa-miR-3150b-5p
1402,hsa-miR-3922-5p
1403,hsa-miR-3925-3p
1404,hsa-miR-3940-5p
1405,hsa-miR-3942-3p
1406,hsa-miR-3944-5p
1407,hsa-miR-4423-5p
1408,hsa-miR-4446-5p
1409,hsa-miR-4474-5p
1410,hsa-miR-4520-5p
1411,hsa-miR-4529-5p
1412,hsa-miR-3960
1413,hsa-miR-3972
1414,hsa-miR-3973
1415,hsa-miR-3974
1416,hsa-miR-3975
1417,hsa-miR-3976
1418,hsa-miR-3977
1419,hsa-miR-3978
1420,hsa-miR-4632-3p
1421,hsa-miR-4633-5p
1422,hsa-miR-4633-3p
1423,hsa-miR-4634
1424,hsa-miR-4635
1425,hsa-miR-4636
1426,hsa-miR-4637
1427,hsa-miR-4638-5p
1428,hsa-miR-4638-3p
1429,hsa-miR-4639-5p
1430,hsa-miR-4639-3p
1431,hsa-miR-4640-5p
1432,hsa-miR-4640-3p
1433,hsa-miR-4641
1434,hsa-miR-4642
1435,hsa-miR-4643
1436,hsa-miR-4644
1437,hsa-miR-4645-5p
1438,hsa-miR-4645-3p
1439,hsa-miR-4646-5p
1440,hsa-miR-4646-3p
1441,hsa-miR-4647
1442,hsa-miR-4648
1443,hsa-miR-4649-5p
1444,hsa-miR-4649-3p
1445,hsa-miR-4650-5p
1446,hsa-miR-4650-3p
1447,hsa-miR-4651
1448,hsa-miR-4652-5p
1449,hsa-miR-4652-3p
1450,hsa-miR-4653-5p
1451,hsa-miR-4653-3p
1452,hsa-miR-4654
1453,hsa-miR-4655-5p
1454,hsa-miR-4655-3p
1455,hsa-miR-4656
1456,hsa-miR-4657
1457,hsa-miR-4658
1458,hsa-miR-4659a-5p
1459,hsa-miR-4659a-3p
1460,hsa-miR-4660
1461,hsa-miR-4661-5p
1462,hsa-miR-4661-3p
1463,hsa-miR-4662a-5p
1464,hsa-miR-4662a-3p
1465,hsa-miR-4659b-5p
1466,hsa-miR-4659b-3p
1467,hsa-miR-4663
1468,hsa-miR-4662b
1469,hsa-miR-4664-5p
1470,hsa-miR-4664-3p
1471,hsa-miR-4665-5p
1472,hsa-miR-4665-3p
1473,hsa-miR-4666a-5p
1474,hsa-miR-4666a-3p
1475,hsa-miR-4667-5p
1476,hsa-miR-4667-3p
1477,hsa-miR-4668-5p
1478,hsa-miR-4668-3p
1479,hsa-miR-219b-5p
1480,hsa-miR-219b-3p
1481,hsa-miR-4669
1482,hsa-miR-4670-5p
1483,hsa-miR-4670-3p
1484,hsa-miR-4671-5p
1485,hsa-miR-4671-3p
1486,hsa-miR-4672
1487,hsa-miR-4673
1488,hsa-miR-4674
1489,hsa-miR-4675
1490,hsa-miR-4676-5p
1491,hsa-miR-4676-3p
1492,hsa-miR-4677-5p
1493,hsa-miR-4677-3p
1494,hsa-miR-4678
1495,hsa-miR-4679
1496,hsa-miR-4680-5p
1497,hsa-miR-4680-3p
1498,hsa-miR-4681
1499,hsa-miR-4682
1500,hsa-miR-4683
1501,hsa-miR-4684-5p
1502,hsa-miR-4684-3p
1503,hsa-miR-4685-5p
1504,hsa-miR-4685-3p
1505,hsa-miR-4686
1506,hsa-miR-4687-5p
1507,hsa-miR-4687-3p
1508,hsa-miR-1343-3p
1509,hsa-miR-4688
1510,hsa-miR-4689
1511,hsa-miR-4690-5p
1512,hsa-miR-4690-3p
1513,hsa-miR-4691-5p
1514,hsa-miR-4691-3p
1515,hsa-miR-4692
1516,hsa-miR-4693-5p
1517,hsa-miR-4693-3p
1518,hsa-miR-4694-5p
1519,hsa-miR-4694-3p
1520,hsa-miR-4695-5p
1521,hsa-miR-4695-3p
1522,hsa-miR-4696
1523,hsa-miR-4697-5p
1524,hsa-miR-4697-3p
1525,hsa-miR-4698
1526,hsa-miR-4699-5p
1527,hsa-miR-4699-3p
1528,hsa-miR-4700-5p
1529,hsa-miR-4700-3p
1530,hsa-miR-4701-5p
1531,hsa-miR-4701-3p
1532,hsa-miR-4703-5p
1533,hsa-miR-4703-3p
1534,hsa-miR-4704-5p
1535,hsa-miR-4704-3p
1536,hsa-miR-4705
1537,hsa-miR-4706
1538,hsa-miR-4707-5p
1539,hsa-miR-4707-3p
1540,hsa-miR-4708-5p
1541,hsa-miR-4708-3p
1542,hsa-miR-4709-5p
1543,hsa-miR-4709-3p
1544,hsa-miR-203b-5p
1545,hsa-miR-203b-3p
1546,hsa-miR-4710
1547,hsa-miR-4711-5p
1548,hsa-miR-4711-3p
1549,hsa-miR-4712-5p
1550,hsa-miR-4712-3p
1551,hsa-miR-4713-5p
1552,hsa-miR-4713-3p
1553,hsa-miR-4714-5p
1554,hsa-miR-4714-3p
1555,hsa-miR-4715-5p
1556,hsa-miR-4715-3p
1557,hsa-miR-4716-5p
1558,hsa-miR-4716-3p
1559,hsa-miR-3529-5p
1560,hsa-miR-4717-5p
1561,hsa-miR-4717-3p
1562,hsa-miR-4718
1563,hsa-miR-4719
1564,hsa-miR-4720-5p
1565,hsa-miR-4720-3p
1566,hsa-miR-4721
1567,hsa-miR-4722-5p
1568,hsa-miR-4722-3p
1569,hsa-miR-4723-5p
1570,hsa-miR-4723-3p
1571,hsa-miR-451b
1572,hsa-miR-4724-5p
1573,hsa-miR-4724-3p
1574,hsa-miR-4725-5p
1575,hsa-miR-4725-3p
1576,hsa-miR-4726-5p
1577,hsa-miR-4726-3p
1578,hsa-miR-4727-5p
1579,hsa-miR-4727-3p
1580,hsa-miR-4728-5p
1581,hsa-miR-4728-3p
1582,hsa-miR-4729
1583,hsa-miR-4730
1584,hsa-miR-4731-5p
1585,hsa-miR-4731-3p
1586,hsa-miR-4732-5p
1587,hsa-miR-4732-3p
1588,hsa-miR-4733-5p
1589,hsa-miR-4733-3p
1590,hsa-miR-4734
1591,hsa-miR-4735-5p
1592,hsa-miR-4735-3p
1593,hsa-miR-4736
1594,hsa-miR-4737
1595,hsa-miR-3064-5p
1596,hsa-miR-3064-3p
1597,hsa-miR-4738-5p
1598,hsa-miR-4738-3p
1599,hsa-miR-4739
1600,hsa-miR-4740-5p
1601,hsa-miR-4740-3p
1602,hsa-miR-4741
1603,hsa-miR-4742-5p
1604,hsa-miR-4742-3p
1605,hsa-miR-4743-5p
1606,hsa-miR-4744
1607,hsa-miR-3591-5p
1608,hsa-miR-3591-3p
1609,hsa-miR-4745-5p
1610,hsa-miR-4745-3p
1611,hsa-miR-4746-5p
1612,hsa-miR-4746-3p
1613,hsa-miR-4747-5p
1614,hsa-miR-4747-3p
1615,hsa-miR-4748
1616,hsa-miR-4749-5p
1617,hsa-miR-4749-3p
1618,hsa-miR-4750-5p
1619,hsa-miR-4751
1620,hsa-miR-4752
1621,hsa-miR-4753-5p
1622,hsa-miR-4753-3p
1623,hsa-miR-371b-5p
1624,hsa-miR-371b-3p
1625,hsa-miR-4754
1626,hsa-miR-4755-5p
1627,hsa-miR-4755-3p
1628,hsa-miR-499b-5p
1629,hsa-miR-499b-3p
1630,hsa-miR-4756-5p
1631,hsa-miR-4756-3p
1632,hsa-miR-4757-5p
1633,hsa-miR-4757-3p
1634,hsa-miR-4758-5p
1635,hsa-miR-4758-3p
1636,hsa-miR-4759
1637,hsa-miR-4760-5p
1638,hsa-miR-4760-3p
1639,hsa-miR-4761-5p
1640,hsa-miR-4761-3p
1641,hsa-miR-4762-5p
1642,hsa-miR-4762-3p
1643,hsa-miR-4763-5p
1644,hsa-miR-4763-3p
1645,hsa-miR-4764-5p
1646,hsa-miR-4764-3p
1647,hsa-miR-4765
1648,hsa-miR-4766-5p
1649,hsa-miR-4766-3p
1650,hsa-miR-4767
1651,hsa-miR-4768-5p
1652,hsa-miR-4768-3p
1653,hsa-miR-4769-5p
1654,hsa-miR-4769-3p
1655,hsa-miR-4770
1656,hsa-miR-4771
1657,hsa-miR-4772-5p
1658,hsa-miR-4772-3p
1659,hsa-miR-4773
1660,hsa-miR-4774-5p
1661,hsa-miR-4774-3p
1662,hsa-miR-4775
1663,hsa-miR-4776-5p
1664,hsa-miR-4776-3p
1665,hsa-miR-4777-5p
1666,hsa-miR-4777-3p
1667,hsa-miR-4778-5p
1668,hsa-miR-4778-3p
1669,hsa-miR-4779
1670,hsa-miR-4780
1671,hsa-miR-4436b-5p
1672,hsa-miR-4436b-3p
1673,hsa-miR-4781-5p
1674,hsa-miR-4781-3p
1675,hsa-miR-4782-5p
1676,hsa-miR-4782-3p
1677,hsa-miR-4783-5p
1678,hsa-miR-4783-3p
1679,hsa-miR-4784
1680,hsa-miR-4785
1681,hsa-miR-1245b-5p
1682,hsa-miR-1245b-3p
1683,hsa-miR-2467-5p
1684,hsa-miR-2467-3p
1685,hsa-miR-4786-5p
1686,hsa-miR-4786-3p
1687,hsa-miR-4787-5p
1688,hsa-miR-4787-3p
1689,hsa-miR-4788
1690,hsa-miR-4789-5p
1691,hsa-miR-4789-3p
1692,hsa-miR-4790-5p
1693,hsa-miR-4790-3p
1694,hsa-miR-4791
1695,hsa-miR-4792
1696,hsa-miR-4793-5p
1697,hsa-miR-4793-3p
1698,hsa-miR-4794
1699,hsa-miR-4795-5p
1700,hsa-miR-4795-3p
1701,hsa-miR-4796-5p
1702,hsa-miR-4796-3p
1703,hsa-miR-4797-5p
1704,hsa-miR-4797-3p
1705,hsa-miR-4798-5p
1706,hsa-miR-4798-3p
1707,hsa-miR-4799-5p
1708,hsa-miR-4799-3p
1709,hsa-miR-4800-5p
1710,hsa-miR-4800-3p
1711,hsa-miR-4801
1712,hsa-miR-4802-5p
1713,hsa-miR-4802-3p
1714,hsa-miR-4803
1715,hsa-miR-4804-5p
1716,hsa-miR-4804-3p
1717,hsa-miR-4520-2-3p
1718,hsa-miR-5047
1719,hsa-miR-5095
1720,hsa-miR-1273f
1721,hsa-miR-1273g-5p
1722,hsa-miR-5096
1723,hsa-miR-642a-3p
1724,hsa-miR-550a-3-5p
1725,hsa-miR-4433a-5p
1726,hsa-miR-548ah-3p
1727,hsa-miR-4482-3p
1728,hsa-miR-4536-3p
1729,hsa-miR-4999-5p
1730,hsa-miR-4999-3p
1731,hsa-miR-5000-5p
1732,hsa-miR-5000-3p
1733,hsa-miR-5001-5p
1734,hsa-miR-5001-3p
1735,hsa-miR-5002-5p
1736,hsa-miR-5002-3p
1737,hsa-miR-5003-5p
1738,hsa-miR-5003-3p
1739,hsa-miR-5004-5p
1740,hsa-miR-5004-3p
1741,hsa-miR-548ao-5p
1742,hsa-miR-548ao-3p
1743,hsa-miR-5006-5p
1744,hsa-miR-5006-3p
1745,hsa-miR-5007-5p
1746,hsa-miR-5007-3p
1747,hsa-miR-548ap-5p
1748,hsa-miR-548ap-3p
1749,hsa-miR-5008-5p
1750,hsa-miR-5008-3p
1751,hsa-miR-5009-5p
1752,hsa-miR-5009-3p
1753,hsa-miR-5010-5p
1754,hsa-miR-5010-3p
1755,hsa-miR-5011-5p
1756,hsa-miR-5011-3p
1757,hsa-miR-5087
1758,hsa-miR-5088-5p
1759,hsa-miR-5089-5p
1760,hsa-miR-5090
1761,hsa-miR-5091
1762,hsa-miR-5092
1763,hsa-miR-5093
1764,hsa-miR-5094
1765,hsa-miR-5186
1766,hsa-miR-5187-5p
1767,hsa-miR-5187-3p
1768,hsa-miR-5188
1769,hsa-miR-5189-5p
1770,hsa-miR-5190
1771,hsa-miR-5191
1772,hsa-miR-5192
1773,hsa-miR-5193
1774,hsa-miR-5194
1775,hsa-miR-5195-5p
1776,hsa-miR-5195-3p
1777,hsa-miR-5196-5p
1778,hsa-miR-5196-3p
1779,hsa-miR-5197-5p
1780,hsa-miR-5197-3p
1781,hsa-miR-4524b-5p
1782,hsa-miR-4524b-3p
1783,hsa-miR-5571-5p
1784,hsa-miR-5571-3p
1785,hsa-miR-5572
1786,hsa-miR-548aq-5p
1787,hsa-miR-548aq-3p
1788,hsa-miR-548ar-5p
1789,hsa-miR-548ar-3p
1790,hsa-miR-548as-5p
1791,hsa-miR-548as-3p
1792,hsa-miR-5579-5p
1793,hsa-miR-5579-3p
1794,hsa-miR-664b-5p
1795,hsa-miR-664b-3p
1796,hsa-miR-5580-5p
1797,hsa-miR-5580-3p
1798,hsa-miR-5581-5p
1799,hsa-miR-5581-3p
1800,hsa-miR-548at-5p
1801,hsa-miR-548at-3p
1802,hsa-miR-5582-5p
1803,hsa-miR-5582-3p
1804,hsa-miR-5583-5p
1805,hsa-miR-5583-3p
1806,hsa-miR-5584-5p
1807,hsa-miR-5584-3p
1808,hsa-miR-5585-5p
1809,hsa-miR-5585-3p
1810,hsa-miR-5586-5p
1811,hsa-miR-5586-3p
1812,hsa-miR-5587-5p
1813,hsa-miR-5587-3p
1814,hsa-miR-548au-5p
1815,hsa-miR-548au-3p
1816,hsa-miR-1295b-5p
1817,hsa-miR-1295b-3p
1818,hsa-miR-5588-5p
1819,hsa-miR-5588-3p
1820,hsa-miR-5589-5p
1821,hsa-miR-5589-3p
1822,hsa-miR-5590-5p
1823,hsa-miR-5590-3p
1824,hsa-miR-5591-5p
1825,hsa-miR-5591-3p
1826,hsa-miR-548av-5p
1827,hsa-miR-548av-3p
1828,hsa-miR-5680
1829,hsa-miR-5681a
1830,hsa-miR-5682
1831,hsa-miR-548aw
1832,hsa-miR-5683
1833,hsa-miR-5684
1834,hsa-miR-548ax
1835,hsa-miR-5685
1836,hsa-miR-5692c
1837,hsa-miR-5687
1838,hsa-miR-5688
1839,hsa-miR-5681b
1840,hsa-miR-5689
1841,hsa-miR-5690
1842,hsa-miR-5691
1843,hsa-miR-5692a
1844,hsa-miR-4666b
1845,hsa-miR-5693
1846,hsa-miR-5694
1847,hsa-miR-5695
1848,hsa-miR-5696
1849,hsa-miR-5697
1850,hsa-miR-5698
1851,hsa-miR-5699-3p
1852,hsa-miR-5700
1853,hsa-miR-5701
1854,hsa-miR-5702
1855,hsa-miR-5703
1856,hsa-miR-5692b
1857,hsa-miR-5704
1858,hsa-miR-5705
1859,hsa-miR-5706
1860,hsa-miR-5707
1861,hsa-miR-5708
1862,hsa-miR-197-5p
1863,hsa-miR-181b-3p
1864,hsa-miR-204-3p
1865,hsa-miR-211-3p
1866,hsa-miR-212-5p
1867,hsa-miR-301a-5p
1868,hsa-miR-382-3p
1869,hsa-miR-345-3p
1870,hsa-miR-450a-1-3p
1871,hsa-miR-506-5p
1872,hsa-miR-514a-5p
1873,hsa-miR-539-3p
1874,hsa-miR-561-5p
1875,hsa-miR-570-5p
1876,hsa-miR-584-3p
1877,hsa-miR-652-5p
1878,hsa-miR-659-5p
1879,hsa-miR-660-3p
1880,hsa-miR-1271-3p
1881,hsa-miR-1185-2-3p
1882,hsa-miR-766-5p
1883,hsa-miR-873-3p
1884,hsa-miR-1285-5p
1885,hsa-miR-1304-3p
1886,hsa-miR-1247-3p
1887,hsa-miR-548g-5p
1888,hsa-miR-548h-3p
1889,hsa-miR-1277-5p
1890,hsa-miR-1255b-2-3p
1891,hsa-miR-1306-5p
1892,hsa-miR-1307-5p
1893,hsa-miR-513c-3p
1894,hsa-miR-548t-3p
1895,hsa-miR-3184-3p
1896,hsa-miR-3191-5p
1897,hsa-miR-548x-5p
1898,hsa-miR-374c-3p
1899,hsa-miR-642b-5p
1900,hsa-miR-550b-2-5p
1901,hsa-miR-548o-5p
1902,hsa-miR-548aj-5p
1903,hsa-miR-548am-5p
1904,hsa-miR-3529-3p
1905,hsa-miR-1273g-3p
1906,hsa-miR-365b-5p
1907,hsa-miR-365b-3p
1908,hsa-miR-1185-1-3p
1909,hsa-miR-3190-3p
1910,hsa-miR-98-3p
1911,hsa-miR-216a-3p
1912,hsa-miR-376c-5p
1913,hsa-miR-381-5p
1914,hsa-miR-376b-5p
1915,hsa-miR-495-5p
1916,hsa-miR-503-3p
1917,hsa-miR-376a-2-5p
1918,hsa-miR-758-5p
1919,hsa-miR-937-5p
1920,hsa-miR-939-3p
1921,hsa-miR-1178-5p
1922,hsa-miR-1227-5p
1923,hsa-miR-1229-5p
1924,hsa-miR-1233-5p
1925,hsa-miR-1236-5p
1926,hsa-miR-1237-5p
1927,hsa-miR-1238-5p
1928,hsa-miR-1292-3p
1929,hsa-miR-3606-3p
1930,hsa-miR-3617-3p
1931,hsa-miR-3620-5p
1932,hsa-miR-3927-5p
1933,hsa-miR-3934-3p
1934,hsa-miR-4632-5p
1935,hsa-miR-4743-3p
1936,hsa-miR-4750-3p
1937,hsa-miR-5089-3p
1938,hsa-miR-5739
1939,hsa-miR-5787
1940,hsa-miR-6068
1941,hsa-miR-6069
1942,hsa-miR-6070
1943,hsa-miR-6071
1944,hsa-miR-6072
1945,hsa-miR-6073
1946,hsa-miR-6074
1947,hsa-miR-6075
1948,hsa-miR-6076
1949,hsa-miR-6077
1950,hsa-miR-6078
1951,hsa-miR-6079
1952,hsa-miR-6080
1953,hsa-miR-6081
1954,hsa-miR-6082
1955,hsa-miR-6083
1956,hsa-miR-6084
1957,hsa-miR-6085
1958,hsa-miR-6086
1959,hsa-miR-6087
1960,hsa-miR-6088
1961,hsa-miR-6089
1962,hsa-miR-6090
1963,hsa-miR-6124
1964,hsa-miR-6125
1965,hsa-miR-6126
1966,hsa-miR-6127
1967,hsa-miR-6128
1968,hsa-miR-378j
1969,hsa-miR-6129
1970,hsa-miR-6130
1971,hsa-miR-6131
1972,hsa-miR-6132
1973,hsa-miR-6133
1974,hsa-miR-6134
1975,hsa-miR-6165
1976,hsa-miR-6499-5p
1977,hsa-miR-6499-3p
1978,hsa-miR-548ay-5p
1979,hsa-miR-548ay-3p
1980,hsa-miR-6500-5p
1981,hsa-miR-6500-3p
1982,hsa-miR-548az-5p
1983,hsa-miR-548az-3p
1984,hsa-miR-6501-5p
1985,hsa-miR-6501-3p
1986,hsa-miR-6502-5p
1987,hsa-miR-6502-3p
1988,hsa-miR-6503-5p
1989,hsa-miR-6503-3p
1990,hsa-miR-6504-5p
1991,hsa-miR-6504-3p
1992,hsa-miR-6505-5p
1993,hsa-miR-6505-3p
1994,hsa-miR-6506-5p
1995,hsa-miR-6506-3p
1996,hsa-miR-6507-5p
1997,hsa-miR-6507-3p
1998,hsa-miR-6508-5p
1999,hsa-miR-6508-3p
2000,hsa-miR-6509-5p
2001,hsa-miR-6509-3p
2002,hsa-miR-6510-5p
2003,hsa-miR-6510-3p
2004,hsa-miR-6511a-5p
2005,hsa-miR-6511a-3p
2006,hsa-miR-6512-5p
2007,hsa-miR-6512-3p
2008,hsa-miR-6513-5p
2009,hsa-miR-6513-3p
2010,hsa-miR-6514-5p
2011,hsa-miR-6514-3p
2012,hsa-miR-6515-5p
2013,hsa-miR-6515-3p
2014,hsa-miR-6715a-3p
2015,hsa-miR-6715b-5p
2016,hsa-miR-6715b-3p
2017,hsa-miR-6716-5p
2018,hsa-miR-6716-3p
2019,hsa-miR-6717-5p
2020,hsa-miR-6511b-5p
2021,hsa-miR-6511b-3p
2022,hsa-miR-6718-5p
2023,hsa-miR-6719-3p
2024,hsa-miR-6720-3p
2025,hsa-miR-6721-5p
2026,hsa-miR-6722-5p
2027,hsa-miR-6722-3p
2028,hsa-miR-6723-5p
2029,hsa-miR-6724-5p
2030,hsa-miR-892c-5p
2031,hsa-miR-892c-3p
2032,hsa-let-7c-3p
2033,hsa-miR-95-5p
2034,hsa-miR-208a-5p
2035,hsa-miR-210-5p
2036,hsa-miR-215-3p
2037,hsa-miR-128-1-5p
2038,hsa-miR-133a-5p
2039,hsa-miR-152-5p
2040,hsa-miR-153-5p
2041,hsa-miR-134-3p
2042,hsa-miR-190a-3p
2043,hsa-miR-370-5p
2044,hsa-miR-372-5p
2045,hsa-miR-383-3p
2046,hsa-miR-328-5p
2047,hsa-miR-433-5p
2048,hsa-miR-329-5p
2049,hsa-miR-412-5p
2050,hsa-miR-410-5p
2051,hsa-miR-487a-5p
2052,hsa-miR-489-5p
2053,hsa-miR-511-3p
2054,hsa-miR-494-5p
2055,hsa-miR-181d-3p
2056,hsa-miR-520f-5p
2057,hsa-miR-519d-5p
2058,hsa-miR-520g-5p
2059,hsa-miR-504-3p
2060,hsa-miR-510-3p
2061,hsa-miR-487b-5p
2062,hsa-miR-552-5p
2063,hsa-miR-579-5p
2064,hsa-miR-580-5p
2065,hsa-miR-585-5p
2066,hsa-miR-597-3p
2067,hsa-miR-598-5p
2068,hsa-miR-605-3p
2069,hsa-miR-619-5p
2070,hsa-miR-627-3p
2071,hsa-miR-651-3p
2072,hsa-miR-653-3p
2073,hsa-miR-655-5p
2074,hsa-miR-656-5p
2075,hsa-miR-668-5p
2076,hsa-miR-1296-3p
2077,hsa-miR-1468-3p
2078,hsa-miR-1301-5p
2079,hsa-miR-670-3p
2080,hsa-miR-1298-3p
2081,hsa-miR-891a-3p
2082,hsa-miR-874-5p
2083,hsa-miR-889-5p
2084,hsa-miR-887-5p
2085,hsa-miR-216b-3p
2086,hsa-miR-208b-5p
2087,hsa-miR-942-3p
2088,hsa-miR-1180-5p
2089,hsa-miR-548e-5p
2090,hsa-miR-548j-3p
2091,hsa-miR-1287-3p
2092,hsa-miR-548f-5p
2093,hsa-miR-1250-3p
2094,hsa-miR-1251-3p
2095,hsa-miR-1266-3p
2096,hsa-miR-1288-5p
2097,hsa-miR-1252-3p
2098,hsa-miR-513b-3p
2099,hsa-miR-1537-5p
2100,hsa-miR-1908-3p
2101,hsa-miR-1910-3p
2102,hsa-miR-2276-5p
2103,hsa-miR-3151-3p
2104,hsa-miR-3192-3p
2105,hsa-miR-500b-3p
2106,hsa-miR-3912-5p
2107,hsa-miR-3928-5p
2108,hsa-miR-1343-5p
2109,hsa-miR-5088-3p
2110,hsa-miR-5189-3p
2111,hsa-miR-5699-5p
2112,hsa-miR-6720-5p
2113,hsa-miR-6726-5p
2114,hsa-miR-6726-3p
2115,hsa-miR-6727-5p
2116,hsa-miR-6727-3p
2117,hsa-miR-6728-5p
2118,hsa-miR-6728-3p
2119,hsa-miR-6729-5p
2120,hsa-miR-6729-3p
2121,hsa-miR-6730-5p
2122,hsa-miR-6730-3p
2123,hsa-miR-6731-5p
2124,hsa-miR-6731-3p
2125,hsa-miR-6732-5p
2126,hsa-miR-6732-3p
2127,hsa-miR-6733-5p
2128,hsa-miR-6733-3p
2129,hsa-miR-6734-5p
2130,hsa-miR-6734-3p
2131,hsa-miR-6735-5p
2132,hsa-miR-6735-3p
2133,hsa-miR-6736-5p
2134,hsa-miR-6736-3p
2135,hsa-miR-6737-5p
2136,hsa-miR-6737-3p
2137,hsa-miR-6738-5p
2138,hsa-miR-6738-3p
2139,hsa-miR-6739-5p
2140,hsa-miR-6739-3p
2141,hsa-miR-6740-5p
2142,hsa-miR-6740-3p
2143,hsa-miR-6741-5p
2144,hsa-miR-6741-3p
2145,hsa-miR-6742-5p
2146,hsa-miR-6742-3p
2147,hsa-miR-6743-5p
2148,hsa-miR-6743-3p
2149,hsa-miR-6744-5p
2150,hsa-miR-6744-3p
2151,hsa-miR-6745
2152,hsa-miR-6746-5p
2153,hsa-miR-6746-3p
2154,hsa-miR-6747-5p
2155,hsa-miR-6747-3p
2156,hsa-miR-6748-5p
2157,hsa-miR-6748-3p
2158,hsa-miR-6749-5p
2159,hsa-miR-6749-3p
2160,hsa-miR-6750-5p
2161,hsa-miR-6750-3p
2162,hsa-miR-6751-5p
2163,hsa-miR-6751-3p
2164,hsa-miR-6752-5p
2165,hsa-miR-6752-3p
2166,hsa-miR-6753-5p
2167,hsa-miR-6753-3p
2168,hsa-miR-6754-5p
2169,hsa-miR-6754-3p
2170,hsa-miR-6755-5p
2171,hsa-miR-6755-3p
2172,hsa-miR-6756-5p
2173,hsa-miR-6756-3p
2174,hsa-miR-6757-5p
2175,hsa-miR-6757-3p
2176,hsa-miR-6758-5p
2177,hsa-miR-6758-3p
2178,hsa-miR-6759-5p
2179,hsa-miR-6759-3p
2180,hsa-miR-6760-5p
2181,hsa-miR-6760-3p
2182,hsa-miR-6761-5p
2183,hsa-miR-6761-3p
2184,hsa-miR-6762-5p
2185,hsa-miR-6762-3p
2186,hsa-miR-6763-5p
2187,hsa-miR-6763-3p
2188,hsa-miR-6764-5p
2189,hsa-miR-6764-3p
2190,hsa-miR-6765-5p
2191,hsa-miR-6765-3p
2192,hsa-miR-6766-5p
2193,hsa-miR-6766-3p
2194,hsa-miR-6767-5p
2195,hsa-miR-6767-3p
2196,hsa-miR-6768-5p
2197,hsa-miR-6768-3p
2198,hsa-miR-6769a-5p
2199,hsa-miR-6769a-3p
2200,hsa-miR-6770-5p
2201,hsa-miR-6770-3p
2202,hsa-miR-6771-5p
2203,hsa-miR-6771-3p
2204,hsa-miR-6772-5p
2205,hsa-miR-6772-3p
2206,hsa-miR-6773-5p
2207,hsa-miR-6773-3p
2208,hsa-miR-6774-5p
2209,hsa-miR-6774-3p
2210,hsa-miR-6775-5p
2211,hsa-miR-6775-3p
2212,hsa-miR-6776-5p
2213,hsa-miR-6776-3p
2214,hsa-miR-6777-5p
2215,hsa-miR-6777-3p
2216,hsa-miR-6778-5p
2217,hsa-miR-6778-3p
2218,hsa-miR-6779-5p
2219,hsa-miR-6779-3p
2220,hsa-miR-6780a-5p
2221,hsa-miR-6780a-3p
2222,hsa-miR-6781-5p
2223,hsa-miR-6781-3p
2224,hsa-miR-6782-5p
2225,hsa-miR-6782-3p
2226,hsa-miR-6783-5p
2227,hsa-miR-6783-3p
2228,hsa-miR-6784-5p
2229,hsa-miR-6784-3p
2230,hsa-miR-6785-5p
2231,hsa-miR-6785-3p
2232,hsa-miR-6786-5p
2233,hsa-miR-6786-3p
2234,hsa-miR-6787-5p
2235,hsa-miR-6787-3p
2236,hsa-miR-6788-5p
2237,hsa-miR-6788-3p
2238,hsa-miR-6789-5p
2239,hsa-miR-6789-3p
2240,hsa-miR-6790-5p
2241,hsa-miR-6790-3p
2242,hsa-miR-6791-5p
2243,hsa-miR-6791-3p
2244,hsa-miR-6792-5p
2245,hsa-miR-6792-3p
2246,hsa-miR-6793-5p
2247,hsa-miR-6793-3p
2248,hsa-miR-6794-5p
2249,hsa-miR-6794-3p
2250,hsa-miR-6795-5p
2251,hsa-miR-6795-3p
2252,hsa-miR-6796-5p
2253,hsa-miR-6796-3p
2254,hsa-miR-6797-5p
2255,hsa-miR-6797-3p
2256,hsa-miR-6798-5p
2257,hsa-miR-6798-3p
2258,hsa-miR-6799-5p
2259,hsa-miR-6799-3p
2260,hsa-miR-6800-5p
2261,hsa-miR-6800-3p
2262,hsa-miR-6801-5p
2263,hsa-miR-6801-3p
2264,hsa-miR-6802-5p
2265,hsa-miR-6802-3p
2266,hsa-miR-6803-5p
2267,hsa-miR-6803-3p
2268,hsa-miR-6804-5p
2269,hsa-miR-6804-3p
2270,hsa-miR-6805-5p
2271,hsa-miR-6805-3p
2272,hsa-miR-6806-5p
2273,hsa-miR-6806-3p
2274,hsa-miR-6807-5p
2275,hsa-miR-6807-3p
2276,hsa-miR-6808-5p
2277,hsa-miR-6808-3p
2278,hsa-miR-6809-5p
2279,hsa-miR-6809-3p
2280,hsa-miR-6810-5p
2281,hsa-miR-6810-3p
2282,hsa-miR-6811-5p
2283,hsa-miR-6811-3p
2284,hsa-miR-6812-5p
2285,hsa-miR-6812-3p
2286,hsa-miR-6813-5p
2287,hsa-miR-6813-3p
2288,hsa-miR-6814-5p
2289,hsa-miR-6814-3p
2290,hsa-miR-6815-5p
2291,hsa-miR-6815-3p
2292,hsa-miR-6816-5p
2293,hsa-miR-6816-3p
2294,hsa-miR-6817-5p
2295,hsa-miR-6817-3p
2296,hsa-miR-6818-5p
2297,hsa-miR-6818-3p
2298,hsa-miR-6819-5p
2299,hsa-miR-6819-3p
2300,hsa-miR-6820-5p
2301,hsa-miR-6820-3p
2302,hsa-miR-6821-5p
2303,hsa-miR-6821-3p
2304,hsa-miR-6822-5p
2305,hsa-miR-6822-3p
2306,hsa-miR-6823-5p
2307,hsa-miR-6823-3p
2308,hsa-miR-6824-5p
2309,hsa-miR-6824-3p
2310,hsa-miR-6825-5p
2311,hsa-miR-6825-3p
2312,hsa-miR-6826-5p
2313,hsa-miR-6826-3p
2314,hsa-miR-6827-5p
2315,hsa-miR-6827-3p
2316,hsa-miR-6828-5p
2317,hsa-miR-6828-3p
2318,hsa-miR-6829-5p
2319,hsa-miR-6829-3p
2320,hsa-miR-6830-5p
2321,hsa-miR-6830-3p
2322,hsa-miR-6831-5p
2323,hsa-miR-6831-3p
2324,hsa-miR-6832-5p
2325,hsa-miR-6832-3p
2326,hsa-miR-6833-5p
2327,hsa-miR-6833-3p
2328,hsa-miR-6834-5p
2329,hsa-miR-6834-3p
2330,hsa-miR-6835-5p
2331,hsa-miR-6835-3p
2332,hsa-miR-6780b-5p
2333,hsa-miR-6780b-3p
2334,hsa-miR-6836-5p
2335,hsa-miR-6836-3p
2336,hsa-miR-6837-5p
2337,hsa-miR-6837-3p
2338,hsa-miR-6838-5p
2339,hsa-miR-6838-3p
2340,hsa-miR-6839-5p
2341,hsa-miR-6839-3p
2342,hsa-miR-6840-5p
2343,hsa-miR-6840-3p
2344,hsa-miR-6841-5p
2345,hsa-miR-6841-3p
2346,hsa-miR-6842-5p
2347,hsa-miR-6842-3p
2348,hsa-miR-6843-3p
2349,hsa-miR-6844
2350,hsa-miR-6845-5p
2351,hsa-miR-6845-3p
2352,hsa-miR-6846-5p
2353,hsa-miR-6846-3p
2354,hsa-miR-6847-5p
2355,hsa-miR-6847-3p
2356,hsa-miR-6848-5p
2357,hsa-miR-6848-3p
2358,hsa-miR-6849-5p
2359,hsa-miR-6849-3p
2360,hsa-miR-6850-5p
2361,hsa-miR-6850-3p
2362,hsa-miR-6851-5p
2363,hsa-miR-6851-3p
2364,hsa-miR-6852-5p
2365,hsa-miR-6852-3p
2366,hsa-miR-6853-5p
2367,hsa-miR-6853-3p
2368,hsa-miR-6854-5p
2369,hsa-miR-6854-3p
2370,hsa-miR-6855-5p
2371,hsa-miR-6855-3p
2372,hsa-miR-6856-5p
2373,hsa-miR-6856-3p
2374,hsa-miR-6857-5p
2375,hsa-miR-6857-3p
2376,hsa-miR-6858-5p
2377,hsa-miR-6858-3p
2378,hsa-miR-6859-5p
2379,hsa-miR-6859-3p
2380,hsa-miR-6769b-5p
2381,hsa-miR-6769b-3p
2382,hsa-miR-6860
2383,hsa-miR-6861-5p
2384,hsa-miR-6861-3p
2385,hsa-miR-6862-5p
2386,hsa-miR-6862-3p
2387,hsa-miR-6863
2388,hsa-miR-6864-5p
2389,hsa-miR-6864-3p
2390,hsa-miR-6865-5p
2391,hsa-miR-6865-3p
2392,hsa-miR-6866-5p
2393,hsa-miR-6866-3p
2394,hsa-miR-6867-5p
2395,hsa-miR-6867-3p
2396,hsa-miR-6868-5p
2397,hsa-miR-6868-3p
2398,hsa-miR-6869-5p
2399,hsa-miR-6869-3p
2400,hsa-miR-6870-5p
2401,hsa-miR-6870-3p
2402,hsa-miR-6871-5p
2403,hsa-miR-6871-3p
2404,hsa-miR-6872-5p
2405,hsa-miR-6872-3p
2406,hsa-miR-6873-5p
2407,hsa-miR-6873-3p
2408,hsa-miR-6874-5p
2409,hsa-miR-6874-3p
2410,hsa-miR-6875-5p
2411,hsa-miR-6875-3p
2412,hsa-miR-6876-5p
2413,hsa-miR-6876-3p
2414,hsa-miR-6877-5p
2415,hsa-miR-6877-3p
2416,hsa-miR-6878-5p
2417,hsa-miR-6878-3p
2418,hsa-miR-6879-5p
2419,hsa-miR-6879-3p
2420,hsa-miR-6880-5p
2421,hsa-miR-6880-3p
2422,hsa-miR-6881-5p
2423,hsa-miR-6881-3p
2424,hsa-miR-6882-5p
2425,hsa-miR-6882-3p
2426,hsa-miR-6883-5p
2427,hsa-miR-6883-3p
2428,hsa-miR-6884-5p
2429,hsa-miR-6884-3p
2430,hsa-miR-6885-5p
2431,hsa-miR-6885-3p
2432,hsa-miR-6886-5p
2433,hsa-miR-6886-3p
2434,hsa-miR-6887-5p
2435,hsa-miR-6887-3p
2436,hsa-miR-6888-5p
2437,hsa-miR-6888-3p
2438,hsa-miR-6889-5p
2439,hsa-miR-6889-3p
2440,hsa-miR-6890-5p
2441,hsa-miR-6890-3p
2442,hsa-miR-6891-5p
2443,hsa-miR-6891-3p
2444,hsa-miR-6892-5p
2445,hsa-miR-6892-3p
2446,hsa-miR-6893-5p
2447,hsa-miR-6893-3p
2448,hsa-miR-6894-5p
2449,hsa-miR-6894-3p
2450,hsa-miR-6895-5p
2451,hsa-miR-6895-3p
2452,hsa-miR-7106-5p
2453,hsa-miR-7106-3p
2454,hsa-miR-7107-5p
2455,hsa-miR-7107-3p
2456,hsa-miR-7108-5p
2457,hsa-miR-7108-3p
2458,hsa-miR-7109-5p
2459,hsa-miR-7109-3p
2460,hsa-miR-7110-5p
2461,hsa-miR-7110-3p
2462,hsa-miR-7111-5p
2463,hsa-miR-7111-3p
2464,hsa-miR-7112-5p
2465,hsa-miR-7112-3p
2466,hsa-miR-7113-5p
2467,hsa-miR-7113-3p
2468,hsa-miR-7114-5p
2469,hsa-miR-7114-3p
2470,hsa-miR-7150
2471,hsa-miR-7151-5p
2472,hsa-miR-7151-3p
2473,hsa-miR-7152-5p
2474,hsa-miR-7152-3p
2475,hsa-miR-7153-5p
2476,hsa-miR-7153-3p
2477,hsa-miR-7154-5p
2478,hsa-miR-7154-3p
2479,hsa-miR-7155-5p
2480,hsa-miR-7155-3p
2481,hsa-miR-7156-5p
2482,hsa-miR-7156-3p
2483,hsa-miR-7157-5p
2484,hsa-miR-7157-3p
2485,hsa-miR-7158-5p
2486,hsa-miR-7158-3p
2487,hsa-miR-7159-5p
2488,hsa-miR-7159-3p
2489,hsa-miR-7160-5p
2490,hsa-miR-7160-3p
2491,hsa-miR-7161-5p
2492,hsa-miR-7161-3p
2493,hsa-miR-7162-5p
2494,hsa-miR-7162-3p
2495,hsa-miR-7515
2496,hsa-miR-7641
2497,hsa-miR-7702
2498,hsa-miR-7703
2499,hsa-miR-7704
2500,hsa-miR-7705
2501,hsa-miR-7706
2502,hsa-miR-7843-5p
2503,hsa-miR-7843-3p
2504,hsa-miR-4433b-5p
2505,hsa-miR-4433b-3p
2506,hsa-miR-1273h-5p
2507,hsa-miR-1273h-3p
2508,hsa-miR-6516-5p
2509,hsa-miR-6516-3p
2510,hsa-miR-7844-5p
2511,hsa-miR-7845-5p
2512,hsa-miR-7846-3p
2513,hsa-miR-7847-3p
2514,hsa-miR-7848-3p
2515,hsa-miR-7849-3p
2516,hsa-miR-7850-5p
2517,hsa-miR-7851-3p
2518,hsa-miR-7852-3p
2519,hsa-miR-7853-5p
2520,hsa-miR-7854-3p
2521,hsa-miR-7855-5p
2522,hsa-miR-7856-5p
2523,hsa-miR-8052
2524,hsa-miR-8053
2525,hsa-miR-8054
2526,hsa-miR-8055
2527,hsa-miR-8056
2528,hsa-miR-8057
2529,hsa-miR-8058
2530,hsa-miR-8059
2531,hsa-miR-8060
2532,hsa-miR-8061
2533,hsa-miR-8062
2534,hsa-miR-8063
2535,hsa-miR-8064
2536,hsa-miR-8065
2537,hsa-miR-8066
2538,hsa-miR-8067
2539,hsa-miR-8068
2540,hsa-miR-8069
2541,hsa-miR-8070
2542,hsa-miR-8071
2543,hsa-miR-8072
2544,hsa-miR-8073
2545,hsa-miR-8074
2546,hsa-miR-8075
2547,hsa-miR-8076
2548,hsa-miR-8077
2549,hsa-miR-8078
2550,hsa-miR-8079
2551,hsa-miR-8080
2552,hsa-miR-8081
2553,hsa-miR-8082
2554,hsa-miR-8083
2555,hsa-miR-8084
2556,hsa-miR-8085
2557,hsa-miR-8086
2558,hsa-miR-8087
2559,hsa-miR-8088
2560,hsa-miR-8089
2561,hsa-miR-450a-2-3p
2562,hsa-miR-128-2-5p
2563,hsa-miR-1199-5p
2564,hsa-miR-1199-3p
2565,hsa-miR-548ba
2566,hsa-miR-7973
2567,hsa-miR-7974
2568,hsa-miR-7975
2569,hsa-miR-7976
2570,hsa-miR-7977
2571,hsa-miR-7978
2572,hsa-miR-203a-5p
2573,hsa-miR-1-5p
2574,hsa-miR-181b-2-3p
2575,hsa-miR-301b-5p
2576,hsa-miR-1249-5p
2577,hsa-miR-3653-5p
2578,hsa-miR-548ad-5p
2579,hsa-miR-548ae-5p
2580,hsa-miR-4485-5p
2581,hsa-miR-8485
2582,hsa-miR-9500
2583,hsa-miR-548bb-5p
2584,hsa-miR-548bb-3p
