ID,Sequence
hsa-miR-375-3p,UUUGUUCGUUCGGCUCGCGUGA
hsa-miR-570-5p,AAAGGUAAUUGCAGUUUUUCCC
hsa-miR-549a-3p,UGACAACUAUGGAUGAGCUCU
hsa-miR-3689e,UGUGAUAUCAUGGUUCCUGGGA
hsa-miR-199b-3p,ACAGUAGUCUGCACAUUGGUUA
hsa-miR-137-3p,UUAUUGCUUAAGAAUACGCGUAG
hsa-miR-520b-3p,AAAGUGCUUCCUUUUAGAGGG
hsa-miR-548am-5p,AAAAGUAAUUGCGGUUUUUGCC
hsa-miR-548ae-5p,AAAAGUAAUUGUGGUUUUUG
hsa-miR-3689c,CUGGGAGGUGUGAUAUUGUGGU
hsa-miR-122b-3p,AAACACCAUUGUCACACUCCAC
hsa-miR-147b-3p,GUGUGCGGAAAUGCUUCUGCU
hsa-miR-526a-5p,CUCUAGAGGGAAGCACUUUCUG
hsa-miR-519a-5p,CUCUAGAGGGAAGCGCUUUCUG
hsa-miR-320a-3p,AAAAGCUGGGUUGAGAGGGCGA
hsa-miR-190b-5p,UGAUAUGUUUGAUAUUGGGUUG
hsa-miR-548aj-5p,UGCAAAAGUAAUUGCAGUUUUUG
hsa-miR-517b-3p,AUCGUGCAUCCCUUUAGAGUGU
hsa-miR-520c-5p,CUCUAGAGGGAAGCACUUUCUG
hsa-miR-3689b-5p,UGUGAUAUCAUGGUUCCUGGGA
hsa-miR-122b-5p,UUUAGUGUGAUAAUGGCGUUUGA
hsa-miR-518d-5p,CUCUAGAGGGAAGCACUUUCUG
hsa-miR-548o-5p,AAAAGUAAUUGCGGUUUUUGCC
hsa-miR-498-5p,UUUCAAGCCAGGGGGCGUUUUUC
hsa-miR-520e-3p,AAAGUGCUUCCUUUUUGAGGG
hsa-miR-1912-3p,UACCCAGAGCAUGCAGUGUGAA
hsa-miR-518a-5p,CUGCAAAGGGAAGCCCUUUC
hsa-miR-548h-3p,CAAAAACCGCAAUUACUUUUGCA
hsa-miR-518e-5p,CUCUAGAGGGAAGCGCUUUCUG
hsa-miR-522-5p,CUCUAGAGGGAAGCGCUUUCUG
hsa-miR-516a-3p,UGCUUCCUUUCAGAGGGU
hsa-miR-217-5p,UACUGCAUCAGGAACUGAUUGGA
hsa-miR-523-5p,CUCUAGAGGGAAGCGCUUUCUG
hsa-miR-548x-5p,UGCAAAAGUAAUUGCAGUUUUUG
hsa-miR-548t-3p,AAAAACCACAAUUACUUUUGCACCA

